<?xml version="1.0" encoding="UTF-8" standalone="yes"?>
<addon id="service.onlinelibrary"
       name="Movie and TV Online Lib"
       version="1.0.1"
       provider-name="lnt900">
  <requires>
    <import addon="xbmc.python" version="2.1.0"/>
  </requires>
  <extension point="xbmc.service" library="service.py" start="login" />
  <extension point="xbmc.addon.metadata">
    <platform>all</platform>
    <summary lang="en">Movies and TV shows service</summary>
	<description>Integrate online movies and TV shows to kodi library</description>
	<email>lnt900@gmail.com</email>
  </extension>
</addon>