<?xml version="1.0" encoding="UTF-8" standalone="yes"?>
<addon
  id="plugin.video.hdviet"
  version="1.1.2"
  name="HDViet"
  provider-name="lnt900">
  <requires>
    <import addon="xbmc.python" version="2.1.0"/>
  </requires>
  <extension point="xbmc.python.pluginsource" library="default.py">
        <provides>video</provides>
  </extension>
  <extension point="xbmc.addon.metadata">
    <summary>HDViet</summary>
    <description>Watch free videos from hdviet.com</description>
    <platform>all</platform>
  </extension>
</addon>